{
  "images": [
    {
      "width": 1536,
      "height": 820,
      "id": 0,
      "file_name": "3a665a65-Screenshot_20240919_152352.png"
    },
    {
      "width": 1536,
      "height": 820,
      "id": 1,
      "file_name": "d423a35f-Screenshot_20240919_152415.png"
    },
    {
      "width": 1536,
      "height": 820,
      "id": 2,
      "file_name": "9ae5d943-Screenshot_20240919_152440.png"
    },
    {
      "width": 1536,
      "height": 820,
      "id": 3,
      "file_name": "177adae7-Screenshot_20240919_152714.png"
    },
    {
      "width": 1536,
      "height": 820,
      "id": 4,
      "file_name": "efb9ad7b-Screenshot_20240919_152745.png"
    },
    {
      "width": 1536,
      "height": 820,
      "id": 5,
      "file_name": "0b72e787-Screenshot_20240919_152802.png"
    }
  ],
  "categories": [
    {
      "id": 0,
      "name": "branch"
    },
    {
      "id": 1,
      "name": "file"
    },
    {
      "id": 2,
      "name": "flask"
    },
    {
      "id": 3,
      "name": "search"
    },
    {
      "id": 4,
      "name": "setting"
    },
    {
      "id": 5,
      "name": "user"
    }
  ],
  "annotations": [
    {
      "id": 0,
      "image_id": 0,
      "category_id": 1,
      "segmentation": [],
      "bbox": [
        320.07450523864964,
        171.66006984866104,
        50.067520372526296,
        44.70314318975551
      ],
      "ignore": 0,
      "iscrowd": 0,
      "area": 2238.175532369044
    },
    {
      "id": 1,
      "image_id": 0,
      "category_id": 1,
      "segmentation": [],
      "bbox": [
        457.7601862630966,
        168.08381839348084,
        42.91501746216523,
        48.27939464493598
      ],
      "ignore": 0,
      "iscrowd": 0,
      "area": 2071.911064250194
    },
    {
      "id": 2,
      "image_id": 0,
      "category_id": 1,
      "segmentation": [],
      "bbox": [
        595.4458672875437,
        173.4481955762515,
        42.915017462165345,
        41.12689173457511
      ],
      "ignore": 0,
      "iscrowd": 0,
      "area": 1764.9612769538744
    },
    {
      "id": 3,
      "image_id": 0,
      "category_id": 1,
      "segmentation": [],
      "bbox": [
        736.7077997671711,
        173.4481955762515,
        37.55064027939465,
        44.70314318975556
      ],
      "ignore": 0,
      "iscrowd": 0,
      "area": 1678.6316492767817
    },
    {
      "id": 4,
      "image_id": 0,
      "category_id": 1,
      "segmentation": [],
      "bbox": [
        876.1816065192085,
        173.4481955762515,
        33.97438882421411,
        41.12689173457511
      ],
      "ignore": 0,
      "iscrowd": 0,
      "area": 1397.2610109218124
    },
    {
      "id": 5,
      "image_id": 0,
      "category_id": 1,
      "segmentation": [],
      "bbox": [
        1006.7147846332944,
        168.08381839348084,
        42.915017462165345,
        44.7031431897555
      ],
      "ignore": 0,
      "iscrowd": 0,
      "area": 1918.4361706020352
    },
    {
      "id": 6,
      "image_id": 0,
      "category_id": 1,
      "segmentation": [],
      "bbox": [
        1147.976717112922,
        169.87194412107104,
        37.55064027939465,
        44.70314318975556
      ],
      "ignore": 0,
      "iscrowd": 0,
      "area": 1678.6316492767817
    },
    {
      "id": 7,
      "image_id": 0,
      "category_id": 1,
      "segmentation": [],
      "bbox": [
        1285.662398137369,
        173.4481955762515,
        39.338766006984805,
        42.915017462165316
      ],
      "ignore": 0,
      "iscrowd": 0,
      "area": 1688.2238301297882
    },
    {
      "id": 8,
      "image_id": 0,
      "category_id": 1,
      "segmentation": [],
      "bbox": [
        1423.348079161816,
        169.87194412107104,
        39.338766006984805,
        44.70314318975556
      ],
      "ignore": 0,
      "iscrowd": 0,
      "area": 1758.5664897185302
    },
    {
      "id": 9,
      "image_id": 0,
      "category_id": 1,
      "segmentation": [],
      "bbox": [
        320.0745052386496,
        303.98137369033765,
        42.915017462165345,
        48.27939464493598
      ],
      "ignore": 0,
      "iscrowd": 0,
      "area": 2071.9110642501996
    },
    {
      "id": 10,
      "image_id": 1,
      "category_id": 3,
      "segmentation": [],
      "bbox": [
        445.24330616996514,
        168.08381839348084,
        64.37252619324785,
        48.27939464493598
      ],
      "ignore": 0,
      "iscrowd": 0,
      "area": 3107.866596375291
    },
    {
      "id": 11,
      "image_id": 1,
      "category_id": 3,
      "segmentation": [],
      "bbox": [
        586.5052386495925,
        173.4481955762515,
        59.00814901047732,
        39.33876600698484
      ],
      "ignore": 0,
      "iscrowd": 0,
      "area": 2321.3077664284615
    },
    {
      "id": 12,
      "image_id": 1,
      "category_id": 3,
      "segmentation": [],
      "bbox": [
        727.76717112922,
        168.08381839348084,
        55.43189755529689,
        44.7031431897555
      ],
      "ignore": 0,
      "iscrowd": 0,
      "area": 2477.980053694295
    },
    {
      "id": 13,
      "image_id": 1,
      "category_id": 3,
      "segmentation": [],
      "bbox": [
        867.2409778812573,
        171.66006984866124,
        53.64377182770662,
        44.70314318975556
      ],
      "ignore": 0,
      "iscrowd": 0,
      "area": 2398.0452132525443
    },
    {
      "id": 14,
      "image_id": 1,
      "category_id": 3,
      "segmentation": [],
      "bbox": [
        1003.1385331781141,
        173.4481955762515,
        53.643771827706516,
        42.915017462165316
      ],
      "ignore": 0,
      "iscrowd": 0,
      "area": 2302.123404722437
    },
    {
      "id": 15,
      "image_id": 1,
      "category_id": 3,
      "segmentation": [],
      "bbox": [
        1142.6123399301514,
        171.66006984866124,
        50.067520372525976,
        39.33876600698487
      ],
      "ignore": 0,
      "iscrowd": 0,
      "area": 1969.5944684847473
    },
    {
      "id": 16,
      "image_id": 1,
      "category_id": 3,
      "segmentation": [],
      "bbox": [
        1283.8742724097788,
        171.66006984866124,
        46.49126891734566,
        41.126891734575075
      ],
      "ignore": 0,
      "iscrowd": 0,
      "area": 1912.0413833666903
    },
    {
      "id": 17,
      "image_id": 1,
      "category_id": 3,
      "segmentation": [],
      "bbox": [
        1417.9837019790452,
        173.4481955762515,
        48.27939464493604,
        41.12689173457511
      ],
      "ignore": 0,
      "iscrowd": 0,
      "area": 1985.5814365731098
    },
    {
      "id": 18,
      "image_id": 1,
      "category_id": 3,
      "segmentation": [],
      "bbox": [
        316.4982537834692,
        309.3457508731083,
        51.85564610011641,
        42.915017462165316
      ],
      "ignore": 0,
      "iscrowd": 0,
      "area": 2225.3859578983606
    },
    {
      "id": 19,
      "image_id": 1,
      "category_id": 3,
      "segmentation": [],
      "bbox": [
        455.9720605355064,
        309.3457508731083,
        48.279394644935984,
        39.33876600698484
      ],
      "ignore": 0,
      "iscrowd": 0,
      "area": 1899.2518088960137
    },
    {
      "id": 20,
      "image_id": 2,
      "category_id": 0,
      "segmentation": [],
      "bbox": [
        309.3457508731083,
        166.29569266589056,
        59.00814901047726,
        46.491268917345735
      ],
      "ignore": 0,
      "iscrowd": 0,
      "area": 2743.363723960907
    },
    {
      "id": 21,
      "image_id": 2,
      "category_id": 0,
      "segmentation": [],
      "bbox": [
        455.9720605355064,
        171.66006984866124,
        44.703143189755444,
        39.33876600698487
      ],
      "ignore": 0,
      "iscrowd": 0,
      "area": 1758.5664897185286
    },
    {
      "id": 22,
      "image_id": 2,
      "category_id": 0,
      "segmentation": [],
      "bbox": [
        590.0814901047729,
        171.66006984866124,
        50.0675203725262,
        44.70314318975556
      ],
      "ignore": 0,
      "iscrowd": 0,
      "area": 2238.1755323690422
    },
    {
      "id": 23,
      "image_id": 2,
      "category_id": 0,
      "segmentation": [],
      "bbox": [
        729.5552968568103,
        169.87194412107104,
        44.7031431897555,
        44.70314318975556
      ],
      "ignore": 0,
      "iscrowd": 0,
      "area": 1998.3710110437862
    },
    {
      "id": 24,
      "image_id": 2,
      "category_id": 0,
      "segmentation": [],
      "bbox": [
        869.0291036088475,
        171.66006984866124,
        41.126891734575075,
        39.33876600698487
      ],
      "ignore": 0,
      "iscrowd": 0,
      "area": 1617.881170541049
    },
    {
      "id": 25,
      "image_id": 2,
      "category_id": 0,
      "segmentation": [],
      "bbox": [
        1006.7147846332944,
        169.87194412107104,
        42.915017462165345,
        44.70314318975556
      ],
      "ignore": 0,
      "iscrowd": 0,
      "area": 1918.4361706020375
    },
    {
      "id": 26,
      "image_id": 2,
      "category_id": 0,
      "segmentation": [],
      "bbox": [
        1146.1885913853318,
        168.08381839348084,
        44.7031431897555,
        44.7031431897555
      ],
      "ignore": 0,
      "iscrowd": 0,
      "area": 1998.3710110437837
    },
    {
      "id": 27,
      "image_id": 2,
      "category_id": 0,
      "segmentation": [],
      "bbox": [
        1285.662398137369,
        169.87194412107104,
        42.915017462165345,
        42.91501746216529
      ],
      "ignore": 0,
      "iscrowd": 0,
      "area": 1841.698723777954
    },
    {
      "id": 28,
      "image_id": 2,
      "category_id": 0,
      "segmentation": [],
      "bbox": [
        1421.5599534342257,
        173.4481955762515,
        41.12689173457497,
        39.33876600698484
      ],
      "ignore": 0,
      "iscrowd": 0,
      "area": 1617.8811705410435
    },
    {
      "id": 29,
      "image_id": 2,
      "category_id": 0,
      "segmentation": [],
      "bbox": [
        320.0745052386496,
        305.7694994179279,
        44.70314318975556,
        42.91501746216526
      ],
      "ignore": 0,
      "iscrowd": 0,
      "area": 1918.4361706020338
    },
    {
      "id": 30,
      "image_id": 3,
      "category_id": 2,
      "segmentation": [],
      "bbox": [
        452.39580908032593,
        420.20954598370207,
        57.22002328288705,
        55.43189755529681
      ],
      "ignore": 0,
      "iscrowd": 0,
      "area": 3171.814468728693
    },
    {
      "id": 31,
      "image_id": 3,
      "category_id": 2,
      "segmentation": [],
      "bbox": [
        597.2339930151339,
        421.9976717112922,
        44.7031431897555,
        46.491268917345735
      ],
      "ignore": 0,
      "iscrowd": 0,
      "area": 2078.3058514855356
    },
    {
      "id": 32,
      "image_id": 3,
      "category_id": 2,
      "segmentation": [],
      "bbox": [
        731.3434225844004,
        429.15017462165315,
        48.27939464493604,
        39.33876600698478
      ],
      "ignore": 0,
      "iscrowd": 0,
      "area": 1899.2518088960128
    },
    {
      "id": 33,
      "image_id": 3,
      "category_id": 2,
      "segmentation": [],
      "bbox": [
        870.8172293364378,
        425.5739231664726,
        42.91501746216523,
        46.4912689173458
      ],
      "ignore": 0,
      "iscrowd": 0,
      "area": 1995.1736174261146
    },
    {
      "id": 34,
      "image_id": 3,
      "category_id": 2,
      "segmentation": [],
      "bbox": [
        999.5622817229336,
        425.5739231664726,
        62.584400465657744,
        48.279394644936026
      ],
      "ignore": 0,
      "iscrowd": 0,
      "area": 3021.536968698208
    },
    {
      "id": 35,
      "image_id": 3,
      "category_id": 2,
      "segmentation": [],
      "bbox": [
        1146.1885913853318,
        423.7857974388824,
        46.49126891734566,
        50.06752037252622
      ],
      "ignore": 0,
      "iscrowd": 0,
      "area": 2327.7025536637984
    },
    {
      "id": 36,
      "image_id": 3,
      "category_id": 2,
      "segmentation": [],
      "bbox": [
        1285.662398137369,
        429.15017462165315,
        42.915017462165345,
        44.7031431897555
      ],
      "ignore": 0,
      "iscrowd": 0,
      "area": 1918.4361706020352
    },
    {
      "id": 37,
      "image_id": 3,
      "category_id": 2,
      "segmentation": [],
      "bbox": [
        1414.4074505238648,
        425.5739231664726,
        55.43189755529689,
        46.4912689173458
      ],
      "ignore": 0,
      "iscrowd": 0,
      "area": 2577.099255842071
    },
    {
      "id": 38,
      "image_id": 3,
      "category_id": 2,
      "segmentation": [],
      "bbox": [
        320.0745052386496,
        565.04772991851,
        44.70314318975556,
        42.91501746216526
      ],
      "ignore": 0,
      "iscrowd": 0,
      "area": 1918.4361706020338
    },
    {
      "id": 39,
      "image_id": 3,
      "category_id": 2,
      "segmentation": [],
      "bbox": [
        454.18393480791616,
        559.6833527357393,
        51.85564610011641,
        48.27939464493598
      ],
      "ignore": 0,
      "iscrowd": 0,
      "area": 2503.5592026356553
    },
    {
      "id": 40,
      "image_id": 4,
      "category_id": 5,
      "segmentation": [],
      "bbox": [
        314.7101280558789,
        284.3119906868452,
        55.43189755529689,
        53.64377182770663
      ],
      "ignore": 0,
      "iscrowd": 0,
      "area": 2973.5760644331554
    },
    {
      "id": 41,
      "image_id": 4,
      "category_id": 5,
      "segmentation": [],
      "bbox": [
        454.18393480791616,
        277.15948777648435,
        59.008149010477375,
        67.94877764842836
      ],
      "ignore": 0,
      "iscrowd": 0,
      "area": 4009.5315965582554
    },
    {
      "id": 42,
      "image_id": 4,
      "category_id": 5,
      "segmentation": [],
      "bbox": [
        590.0814901047729,
        287.8882421420256,
        51.855646100116466,
        48.279394644936026
      ],
      "ignore": 0,
      "iscrowd": 0,
      "area": 2503.5592026356608
    },
    {
      "id": 43,
      "image_id": 4,
      "category_id": 5,
      "segmentation": [],
      "bbox": [
        727.76717112922,
        289.6763678696159,
        59.008149010477425,
        46.4912689173458
      ],
      "ignore": 0,
      "iscrowd": 0,
      "area": 2743.3637239609184
    },
    {
      "id": 44,
      "image_id": 4,
      "category_id": 5,
      "segmentation": [],
      "bbox": [
        870.8172293364378,
        287.8882421420256,
        48.27939464493593,
        50.06752037252622
      ],
      "ignore": 0,
      "iscrowd": 0,
      "area": 2417.229574958563
    },
    {
      "id": 45,
      "image_id": 4,
      "category_id": 5,
      "segmentation": [],
      "bbox": [
        1006.7147846332944,
        287.8882421420256,
        50.0675203725262,
        50.06752037252622
      ],
      "ignore": 0,
      "iscrowd": 0,
      "area": 2506.7565962533267
    },
    {
      "id": 46,
      "image_id": 4,
      "category_id": 5,
      "segmentation": [],
      "bbox": [
        1144.4004656577415,
        291.4644935972061,
        48.27939464493582,
        46.491268917345735
      ],
      "ignore": 0,
      "iscrowd": 0,
      "area": 2244.570319604373
    },
    {
      "id": 47,
      "image_id": 4,
      "category_id": 5,
      "segmentation": [],
      "bbox": [
        1283.8742724097788,
        287.8882421420256,
        44.7031431897555,
        46.4912689173458
      ],
      "ignore": 0,
      "iscrowd": 0,
      "area": 2078.3058514855384
    },
    {
      "id": 48,
      "image_id": 4,
      "category_id": 5,
      "segmentation": [],
      "bbox": [
        1423.348079161816,
        295.04074505238646,
        41.12689173457497,
        41.12689173457514
      ],
      "ignore": 0,
      "iscrowd": 0,
      "area": 1691.4212237474578
    },
    {
      "id": 49,
      "image_id": 4,
      "category_id": 5,
      "segmentation": [],
      "bbox": [
        314.7101280558789,
        423.7857974388824,
        55.43189755529689,
        50.06752037252622
      ],
      "ignore": 0,
      "iscrowd": 0,
      "area": 2775.3376601376135
    },
    {
      "id": 50,
      "image_id": 5,
      "category_id": 4,
      "segmentation": [],
      "bbox": [
        452.39580908032593,
        302.1932479627474,
        55.43189755529689,
        53.64377182770663
      ],
      "ignore": 0,
      "iscrowd": 0,
      "area": 2973.5760644331554
    },
    {
      "id": 51,
      "image_id": 5,
      "category_id": 4,
      "segmentation": [],
      "bbox": [
        591.8696158323633,
        307.55762514551805,
        51.85564610011635,
        44.70314318975556
      ],
      "ignore": 0,
      "iscrowd": 0,
      "area": 2318.1103728107905
    },
    {
      "id": 52,
      "image_id": 5,
      "category_id": 4,
      "segmentation": [],
      "bbox": [
        729.5552968568103,
        307.55762514551805,
        48.27939464493593,
        42.915017462165316
      ],
      "ignore": 0,
      "iscrowd": 0,
      "area": 2071.911064250196
    },
    {
      "id": 53,
      "image_id": 5,
      "category_id": 4,
      "segmentation": [],
      "bbox": [
        863.6647264260769,
        305.7694994179279,
        53.64377182770662,
        50.067520372526154
      ],
      "ignore": 0,
      "iscrowd": 0,
      "area": 2685.810638842846
    },
    {
      "id": 54,
      "image_id": 5,
      "category_id": 4,
      "segmentation": [],
      "bbox": [
        1001.3504074505237,
        303.98137369033765,
        55.43189755529689,
        51.85564610011639
      ],
      "ignore": 0,
      "iscrowd": 0,
      "area": 2874.4568622853826
    },
    {
      "id": 55,
      "image_id": 5,
      "category_id": 4,
      "segmentation": [],
      "bbox": [
        1140.824214202561,
        302.1932479627474,
        53.64377182770673,
        50.06752037252622
      ],
      "ignore": 0,
      "iscrowd": 0,
      "area": 2685.8106388428546
    },
    {
      "id": 56,
      "image_id": 5,
      "category_id": 4,
      "segmentation": [],
      "bbox": [
        1276.721769499418,
        303.98137369033765,
        57.22002328288706,
        51.85564610011639
      ],
      "ignore": 0,
      "iscrowd": 0,
      "area": 2967.1812771978116
    },
    {
      "id": 57,
      "image_id": 5,
      "category_id": 4,
      "segmentation": [],
      "bbox": [
        1421.5599534342257,
        309.3457508731083,
        44.7031431897555,
        42.915017462165316
      ],
      "ignore": 0,
      "iscrowd": 0,
      "area": 1918.4361706020338
    },
    {
      "id": 58,
      "image_id": 5,
      "category_id": 4,
      "segmentation": [],
      "bbox": [
        314.7101280558789,
        438.09080325960423,
        57.220023282887105,
        55.43189755529687
      ],
      "ignore": 0,
      "iscrowd": 0,
      "area": 3171.8144687287
    },
    {
      "id": 59,
      "image_id": 5,
      "category_id": 4,
      "segmentation": [],
      "bbox": [
        455.9720605355064,
        443.4551804423749,
        44.703143189755444,
        42.91501746216538
      ],
      "ignore": 0,
      "iscrowd": 0,
      "area": 1918.4361706020343
    }
  ],
  "info": {
    "year": 2024,
    "version": "1.0",
    "description": "",
    "contributor": "Label Studio",
    "url": "",
    "date_created": "2024-09-19 16:11:50.285292"
  }
}