<?xml version="1.0" encoding="utf-8"?>
<annotation>
<folder>images</folder>
<filename>0b72e787-Screenshot_20240919_152802.png</filename>
<source>
<database>MyDatabase</database>
<annotation>COCO2017</annotation>
<image>flickr</image>
<flickrid>NULL</flickrid>
<annotator>1</annotator>
</source>
<owner>
<flickrid>NULL</flickrid>
<name>Label Studio</name>
</owner>
<size>
<width>1536</width>
<height>820</height>
<depth>3</depth>
</size>
<segmented>0</segmented>
<object>
<name>setting</name>
<pose>Unspecified</pose>
<truncated>0</truncated>
<difficult>0</difficult>
<bndbox>
<xmin>452</xmin>
<ymin>302</ymin>
<xmax>507</xmax>
<ymax>355</ymax>
</bndbox>
</object>
<object>
<name>setting</name>
<pose>Unspecified</pose>
<truncated>0</truncated>
<difficult>0</difficult>
<bndbox>
<xmin>591</xmin>
<ymin>307</ymin>
<xmax>642</xmax>
<ymax>351</ymax>
</bndbox>
</object>
<object>
<name>setting</name>
<pose>Unspecified</pose>
<truncated>0</truncated>
<difficult>0</difficult>
<bndbox>
<xmin>729</xmin>
<ymin>307</ymin>
<xmax>777</xmax>
<ymax>349</ymax>
</bndbox>
</object>
<object>
<name>setting</name>
<pose>Unspecified</pose>
<truncated>0</truncated>
<difficult>0</difficult>
<bndbox>
<xmin>863</xmin>
<ymin>305</ymin>
<xmax>916</xmax>
<ymax>355</ymax>
</bndbox>
</object>
<object>
<name>setting</name>
<pose>Unspecified</pose>
<truncated>0</truncated>
<difficult>0</difficult>
<bndbox>
<xmin>1001</xmin>
<ymin>303</ymin>
<xmax>1056</xmax>
<ymax>354</ymax>
</bndbox>
</object>
<object>
<name>setting</name>
<pose>Unspecified</pose>
<truncated>0</truncated>
<difficult>0</difficult>
<bndbox>
<xmin>1140</xmin>
<ymin>302</ymin>
<xmax>1193</xmax>
<ymax>352</ymax>
</bndbox>
</object>
<object>
<name>setting</name>
<pose>Unspecified</pose>
<truncated>0</truncated>
<difficult>0</difficult>
<bndbox>
<xmin>1276</xmin>
<ymin>303</ymin>
<xmax>1333</xmax>
<ymax>354</ymax>
</bndbox>
</object>
<object>
<name>setting</name>
<pose>Unspecified</pose>
<truncated>0</truncated>
<difficult>0</difficult>
<bndbox>
<xmin>1421</xmin>
<ymin>309</ymin>
<xmax>1465</xmax>
<ymax>351</ymax>
</bndbox>
</object>
<object>
<name>setting</name>
<pose>Unspecified</pose>
<truncated>0</truncated>
<difficult>0</difficult>
<bndbox>
<xmin>314</xmin>
<ymin>438</ymin>
<xmax>371</xmax>
<ymax>493</ymax>
</bndbox>
</object>
<object>
<name>setting</name>
<pose>Unspecified</pose>
<truncated>0</truncated>
<difficult>0</difficult>
<bndbox>
<xmin>455</xmin>
<ymin>443</ymin>
<xmax>499</xmax>
<ymax>485</ymax>
</bndbox>
</object>
</annotation>
