<?xml version="1.0" encoding="utf-8"?>
<annotation>
<folder>images</folder>
<filename>177adae7-Screenshot_20240919_152714.png</filename>
<source>
<database>MyDatabase</database>
<annotation>COCO2017</annotation>
<image>flickr</image>
<flickrid>NULL</flickrid>
<annotator>1</annotator>
</source>
<owner>
<flickrid>NULL</flickrid>
<name>Label Studio</name>
</owner>
<size>
<width>1536</width>
<height>820</height>
<depth>3</depth>
</size>
<segmented>0</segmented>
<object>
<name>flask</name>
<pose>Unspecified</pose>
<truncated>0</truncated>
<difficult>0</difficult>
<bndbox>
<xmin>452</xmin>
<ymin>420</ymin>
<xmax>509</xmax>
<ymax>475</ymax>
</bndbox>
</object>
<object>
<name>flask</name>
<pose>Unspecified</pose>
<truncated>0</truncated>
<difficult>0</difficult>
<bndbox>
<xmin>597</xmin>
<ymin>421</ymin>
<xmax>641</xmax>
<ymax>467</ymax>
</bndbox>
</object>
<object>
<name>flask</name>
<pose>Unspecified</pose>
<truncated>0</truncated>
<difficult>0</difficult>
<bndbox>
<xmin>731</xmin>
<ymin>429</ymin>
<xmax>779</xmax>
<ymax>468</ymax>
</bndbox>
</object>
<object>
<name>flask</name>
<pose>Unspecified</pose>
<truncated>0</truncated>
<difficult>0</difficult>
<bndbox>
<xmin>870</xmin>
<ymin>425</ymin>
<xmax>912</xmax>
<ymax>471</ymax>
</bndbox>
</object>
<object>
<name>flask</name>
<pose>Unspecified</pose>
<truncated>0</truncated>
<difficult>0</difficult>
<bndbox>
<xmin>999</xmin>
<ymin>425</ymin>
<xmax>1061</xmax>
<ymax>473</ymax>
</bndbox>
</object>
<object>
<name>flask</name>
<pose>Unspecified</pose>
<truncated>0</truncated>
<difficult>0</difficult>
<bndbox>
<xmin>1146</xmin>
<ymin>423</ymin>
<xmax>1192</xmax>
<ymax>473</ymax>
</bndbox>
</object>
<object>
<name>flask</name>
<pose>Unspecified</pose>
<truncated>0</truncated>
<difficult>0</difficult>
<bndbox>
<xmin>1285</xmin>
<ymin>429</ymin>
<xmax>1327</xmax>
<ymax>473</ymax>
</bndbox>
</object>
<object>
<name>flask</name>
<pose>Unspecified</pose>
<truncated>0</truncated>
<difficult>0</difficult>
<bndbox>
<xmin>1414</xmin>
<ymin>425</ymin>
<xmax>1469</xmax>
<ymax>471</ymax>
</bndbox>
</object>
<object>
<name>flask</name>
<pose>Unspecified</pose>
<truncated>0</truncated>
<difficult>0</difficult>
<bndbox>
<xmin>320</xmin>
<ymin>565</ymin>
<xmax>364</xmax>
<ymax>607</ymax>
</bndbox>
</object>
<object>
<name>flask</name>
<pose>Unspecified</pose>
<truncated>0</truncated>
<difficult>0</difficult>
<bndbox>
<xmin>454</xmin>
<ymin>559</ymin>
<xmax>505</xmax>
<ymax>607</ymax>
</bndbox>
</object>
</annotation>
