<?xml version="1.0" encoding="utf-8"?>
<annotation>
<folder>images</folder>
<filename>3a665a65-Screenshot_20240919_152352.png</filename>
<source>
<database>MyDatabase</database>
<annotation>COCO2017</annotation>
<image>flickr</image>
<flickrid>NULL</flickrid>
<annotator>1</annotator>
</source>
<owner>
<flickrid>NULL</flickrid>
<name>Label Studio</name>
</owner>
<size>
<width>1536</width>
<height>820</height>
<depth>3</depth>
</size>
<segmented>0</segmented>
<object>
<name>file</name>
<pose>Unspecified</pose>
<truncated>0</truncated>
<difficult>0</difficult>
<bndbox>
<xmin>320</xmin>
<ymin>171</ymin>
<xmax>370</xmax>
<ymax>215</ymax>
</bndbox>
</object>
<object>
<name>file</name>
<pose>Unspecified</pose>
<truncated>0</truncated>
<difficult>0</difficult>
<bndbox>
<xmin>457</xmin>
<ymin>168</ymin>
<xmax>499</xmax>
<ymax>216</ymax>
</bndbox>
</object>
<object>
<name>file</name>
<pose>Unspecified</pose>
<truncated>0</truncated>
<difficult>0</difficult>
<bndbox>
<xmin>595</xmin>
<ymin>173</ymin>
<xmax>637</xmax>
<ymax>214</ymax>
</bndbox>
</object>
<object>
<name>file</name>
<pose>Unspecified</pose>
<truncated>0</truncated>
<difficult>0</difficult>
<bndbox>
<xmin>736</xmin>
<ymin>173</ymin>
<xmax>773</xmax>
<ymax>217</ymax>
</bndbox>
</object>
<object>
<name>file</name>
<pose>Unspecified</pose>
<truncated>0</truncated>
<difficult>0</difficult>
<bndbox>
<xmin>876</xmin>
<ymin>173</ymin>
<xmax>909</xmax>
<ymax>214</ymax>
</bndbox>
</object>
<object>
<name>file</name>
<pose>Unspecified</pose>
<truncated>0</truncated>
<difficult>0</difficult>
<bndbox>
<xmin>1006</xmin>
<ymin>168</ymin>
<xmax>1048</xmax>
<ymax>212</ymax>
</bndbox>
</object>
<object>
<name>file</name>
<pose>Unspecified</pose>
<truncated>0</truncated>
<difficult>0</difficult>
<bndbox>
<xmin>1147</xmin>
<ymin>169</ymin>
<xmax>1184</xmax>
<ymax>213</ymax>
</bndbox>
</object>
<object>
<name>file</name>
<pose>Unspecified</pose>
<truncated>0</truncated>
<difficult>0</difficult>
<bndbox>
<xmin>1285</xmin>
<ymin>173</ymin>
<xmax>1324</xmax>
<ymax>215</ymax>
</bndbox>
</object>
<object>
<name>file</name>
<pose>Unspecified</pose>
<truncated>0</truncated>
<difficult>0</difficult>
<bndbox>
<xmin>1423</xmin>
<ymin>169</ymin>
<xmax>1462</xmax>
<ymax>213</ymax>
</bndbox>
</object>
<object>
<name>file</name>
<pose>Unspecified</pose>
<truncated>0</truncated>
<difficult>0</difficult>
<bndbox>
<xmin>320</xmin>
<ymin>303</ymin>
<xmax>362</xmax>
<ymax>351</ymax>
</bndbox>
</object>
</annotation>
