<?xml version="1.0" encoding="utf-8"?>
<annotation>
<folder>images</folder>
<filename>9ae5d943-Screenshot_20240919_152440.png</filename>
<source>
<database>MyDatabase</database>
<annotation>COCO2017</annotation>
<image>flickr</image>
<flickrid>NULL</flickrid>
<annotator>1</annotator>
</source>
<owner>
<flickrid>NULL</flickrid>
<name>Label Studio</name>
</owner>
<size>
<width>1536</width>
<height>820</height>
<depth>3</depth>
</size>
<segmented>0</segmented>
<object>
<name>branch</name>
<pose>Unspecified</pose>
<truncated>0</truncated>
<difficult>0</difficult>
<bndbox>
<xmin>309</xmin>
<ymin>166</ymin>
<xmax>368</xmax>
<ymax>212</ymax>
</bndbox>
</object>
<object>
<name>branch</name>
<pose>Unspecified</pose>
<truncated>0</truncated>
<difficult>0</difficult>
<bndbox>
<xmin>455</xmin>
<ymin>171</ymin>
<xmax>499</xmax>
<ymax>210</ymax>
</bndbox>
</object>
<object>
<name>branch</name>
<pose>Unspecified</pose>
<truncated>0</truncated>
<difficult>0</difficult>
<bndbox>
<xmin>590</xmin>
<ymin>171</ymin>
<xmax>640</xmax>
<ymax>215</ymax>
</bndbox>
</object>
<object>
<name>branch</name>
<pose>Unspecified</pose>
<truncated>0</truncated>
<difficult>0</difficult>
<bndbox>
<xmin>729</xmin>
<ymin>169</ymin>
<xmax>773</xmax>
<ymax>213</ymax>
</bndbox>
</object>
<object>
<name>branch</name>
<pose>Unspecified</pose>
<truncated>0</truncated>
<difficult>0</difficult>
<bndbox>
<xmin>869</xmin>
<ymin>171</ymin>
<xmax>910</xmax>
<ymax>210</ymax>
</bndbox>
</object>
<object>
<name>branch</name>
<pose>Unspecified</pose>
<truncated>0</truncated>
<difficult>0</difficult>
<bndbox>
<xmin>1006</xmin>
<ymin>169</ymin>
<xmax>1048</xmax>
<ymax>213</ymax>
</bndbox>
</object>
<object>
<name>branch</name>
<pose>Unspecified</pose>
<truncated>0</truncated>
<difficult>0</difficult>
<bndbox>
<xmin>1146</xmin>
<ymin>168</ymin>
<xmax>1190</xmax>
<ymax>212</ymax>
</bndbox>
</object>
<object>
<name>branch</name>
<pose>Unspecified</pose>
<truncated>0</truncated>
<difficult>0</difficult>
<bndbox>
<xmin>1285</xmin>
<ymin>169</ymin>
<xmax>1327</xmax>
<ymax>211</ymax>
</bndbox>
</object>
<object>
<name>branch</name>
<pose>Unspecified</pose>
<truncated>0</truncated>
<difficult>0</difficult>
<bndbox>
<xmin>1421</xmin>
<ymin>173</ymin>
<xmax>1462</xmax>
<ymax>212</ymax>
</bndbox>
</object>
<object>
<name>branch</name>
<pose>Unspecified</pose>
<truncated>0</truncated>
<difficult>0</difficult>
<bndbox>
<xmin>320</xmin>
<ymin>305</ymin>
<xmax>364</xmax>
<ymax>347</ymax>
</bndbox>
</object>
</annotation>
