<?xml version="1.0" encoding="utf-8"?>
<annotation>
<folder>images</folder>
<filename>d423a35f-Screenshot_20240919_152415.png</filename>
<source>
<database>MyDatabase</database>
<annotation>COCO2017</annotation>
<image>flickr</image>
<flickrid>NULL</flickrid>
<annotator>1</annotator>
</source>
<owner>
<flickrid>NULL</flickrid>
<name>Label Studio</name>
</owner>
<size>
<width>1536</width>
<height>820</height>
<depth>3</depth>
</size>
<segmented>0</segmented>
<object>
<name>search</name>
<pose>Unspecified</pose>
<truncated>0</truncated>
<difficult>0</difficult>
<bndbox>
<xmin>445</xmin>
<ymin>168</ymin>
<xmax>509</xmax>
<ymax>216</ymax>
</bndbox>
</object>
<object>
<name>search</name>
<pose>Unspecified</pose>
<truncated>0</truncated>
<difficult>0</difficult>
<bndbox>
<xmin>586</xmin>
<ymin>173</ymin>
<xmax>645</xmax>
<ymax>212</ymax>
</bndbox>
</object>
<object>
<name>search</name>
<pose>Unspecified</pose>
<truncated>0</truncated>
<difficult>0</difficult>
<bndbox>
<xmin>727</xmin>
<ymin>168</ymin>
<xmax>782</xmax>
<ymax>212</ymax>
</bndbox>
</object>
<object>
<name>search</name>
<pose>Unspecified</pose>
<truncated>0</truncated>
<difficult>0</difficult>
<bndbox>
<xmin>867</xmin>
<ymin>171</ymin>
<xmax>920</xmax>
<ymax>215</ymax>
</bndbox>
</object>
<object>
<name>search</name>
<pose>Unspecified</pose>
<truncated>0</truncated>
<difficult>0</difficult>
<bndbox>
<xmin>1003</xmin>
<ymin>173</ymin>
<xmax>1056</xmax>
<ymax>215</ymax>
</bndbox>
</object>
<object>
<name>search</name>
<pose>Unspecified</pose>
<truncated>0</truncated>
<difficult>0</difficult>
<bndbox>
<xmin>1142</xmin>
<ymin>171</ymin>
<xmax>1192</xmax>
<ymax>210</ymax>
</bndbox>
</object>
<object>
<name>search</name>
<pose>Unspecified</pose>
<truncated>0</truncated>
<difficult>0</difficult>
<bndbox>
<xmin>1283</xmin>
<ymin>171</ymin>
<xmax>1329</xmax>
<ymax>212</ymax>
</bndbox>
</object>
<object>
<name>search</name>
<pose>Unspecified</pose>
<truncated>0</truncated>
<difficult>0</difficult>
<bndbox>
<xmin>1417</xmin>
<ymin>173</ymin>
<xmax>1465</xmax>
<ymax>214</ymax>
</bndbox>
</object>
<object>
<name>search</name>
<pose>Unspecified</pose>
<truncated>0</truncated>
<difficult>0</difficult>
<bndbox>
<xmin>316</xmin>
<ymin>309</ymin>
<xmax>367</xmax>
<ymax>351</ymax>
</bndbox>
</object>
<object>
<name>search</name>
<pose>Unspecified</pose>
<truncated>0</truncated>
<difficult>0</difficult>
<bndbox>
<xmin>455</xmin>
<ymin>309</ymin>
<xmax>503</xmax>
<ymax>348</ymax>
</bndbox>
</object>
</annotation>
