<?xml version="1.0" encoding="utf-8"?>
<annotation>
<folder>images</folder>
<filename>efb9ad7b-Screenshot_20240919_152745.png</filename>
<source>
<database>MyDatabase</database>
<annotation>COCO2017</annotation>
<image>flickr</image>
<flickrid>NULL</flickrid>
<annotator>1</annotator>
</source>
<owner>
<flickrid>NULL</flickrid>
<name>Label Studio</name>
</owner>
<size>
<width>1536</width>
<height>820</height>
<depth>3</depth>
</size>
<segmented>0</segmented>
<object>
<name>user</name>
<pose>Unspecified</pose>
<truncated>0</truncated>
<difficult>0</difficult>
<bndbox>
<xmin>314</xmin>
<ymin>284</ymin>
<xmax>369</xmax>
<ymax>337</ymax>
</bndbox>
</object>
<object>
<name>user</name>
<pose>Unspecified</pose>
<truncated>0</truncated>
<difficult>0</difficult>
<bndbox>
<xmin>454</xmin>
<ymin>277</ymin>
<xmax>513</xmax>
<ymax>344</ymax>
</bndbox>
</object>
<object>
<name>user</name>
<pose>Unspecified</pose>
<truncated>0</truncated>
<difficult>0</difficult>
<bndbox>
<xmin>590</xmin>
<ymin>287</ymin>
<xmax>641</xmax>
<ymax>335</ymax>
</bndbox>
</object>
<object>
<name>user</name>
<pose>Unspecified</pose>
<truncated>0</truncated>
<difficult>0</difficult>
<bndbox>
<xmin>727</xmin>
<ymin>289</ymin>
<xmax>786</xmax>
<ymax>335</ymax>
</bndbox>
</object>
<object>
<name>user</name>
<pose>Unspecified</pose>
<truncated>0</truncated>
<difficult>0</difficult>
<bndbox>
<xmin>870</xmin>
<ymin>287</ymin>
<xmax>918</xmax>
<ymax>337</ymax>
</bndbox>
</object>
<object>
<name>user</name>
<pose>Unspecified</pose>
<truncated>0</truncated>
<difficult>0</difficult>
<bndbox>
<xmin>1006</xmin>
<ymin>287</ymin>
<xmax>1056</xmax>
<ymax>337</ymax>
</bndbox>
</object>
<object>
<name>user</name>
<pose>Unspecified</pose>
<truncated>0</truncated>
<difficult>0</difficult>
<bndbox>
<xmin>1144</xmin>
<ymin>291</ymin>
<xmax>1192</xmax>
<ymax>337</ymax>
</bndbox>
</object>
<object>
<name>user</name>
<pose>Unspecified</pose>
<truncated>0</truncated>
<difficult>0</difficult>
<bndbox>
<xmin>1283</xmin>
<ymin>287</ymin>
<xmax>1327</xmax>
<ymax>333</ymax>
</bndbox>
</object>
<object>
<name>user</name>
<pose>Unspecified</pose>
<truncated>0</truncated>
<difficult>0</difficult>
<bndbox>
<xmin>1423</xmin>
<ymin>295</ymin>
<xmax>1464</xmax>
<ymax>336</ymax>
</bndbox>
</object>
<object>
<name>user</name>
<pose>Unspecified</pose>
<truncated>0</truncated>
<difficult>0</difficult>
<bndbox>
<xmin>314</xmin>
<ymin>423</ymin>
<xmax>369</xmax>
<ymax>473</ymax>
</bndbox>
</object>
</annotation>
